,County,Year,State,QUANTITY,MME,Deaths
0,ALACHUA,2006,FL,54294.0,82596.6186877293,
1,ALACHUA,2007,FL,56118.0,95259.6279767931,17.0
2,ALACHUA,2008,FL,64869.0,114675.2219217685,
3,ALACHUA,2009,FL,73351.0,141281.0481854313,15.0
4,ALACHUA,2010,FL,74339.0,150910.7858758919,15.0
5,ALACHUA,2011,FL,75170.0,145750.68089929313,14.0
6,ALACHUA,2012,FL,64830.0,127727.613021565,14.0
7,BAKER,2006,FL,8450.0,11900.178637500152,
8,BAKER,2007,FL,11144.0,13793.788183225113,
9,BAKER,2008,FL,11884.0,15651.32215422517,
10,BAKER,2009,FL,13641.0,19165.96729500018,
11,BAKER,2010,FL,17082.0,29821.453215000125,
12,BAKER,2011,FL,17866.0,32777.553120000026,
13,BAKER,2012,FL,13116.0,21659.46165000021,
14,BAY,2006,FL,50655.0,61998.10247207856,
15,BAY,2007,FL,46572.0,61255.85799926616,
16,BAY,2008,FL,49160.0,65665.01292126594,
17,BAY,2009,FL,53031.0,68131.16719294015,
18,BAY,2010,FL,60871.0,73912.3022531658,
19,BAY,2011,FL,62817.0,73505.84484769049,
20,BAY,2012,FL,68251.0,73272.65335132717,
21,BRADFORD,2006,FL,8450.0,13424.830894900231,
22,BRADFORD,2007,FL,9861.0,15854.865475125225,
23,BRADFORD,2008,FL,10934.0,17501.063683500106,
24,BRADFORD,2009,FL,12452.0,21250.949666812667,
25,BRADFORD,2010,FL,14384.0,26551.078983862728,
26,BRADFORD,2011,FL,12075.0,21271.099192500278,
27,BRADFORD,2012,FL,10056.0,16872.471022500224,
28,BREVARD,2006,FL,121039.0,201186.1534030964,98.0
29,BREVARD,2007,FL,143028.0,246505.6839382635,86.0
30,BREVARD,2008,FL,169937.0,317947.5992638272,121.0
31,BREVARD,2009,FL,183556.0,365366.2497193953,135.0
32,BREVARD,2010,FL,226565.0,508840.97649451304,135.0
33,BREVARD,2011,FL,219692.0,481720.1499038084,123.0
34,BREVARD,2012,FL,182934.0,363107.37734239077,113.0
35,BROWARD,2006,FL,453388.0,1222607.3896553789,249.0
36,BROWARD,2007,FL,593627.0,1720337.481720641,226.0
37,BROWARD,2008,FL,702946.0,2180537.4886382525,313.0
38,BROWARD,2009,FL,825594.0,2584508.114014747,305.0
39,BROWARD,2010,FL,949190.0,3026736.8445831947,262.0
40,BROWARD,2011,FL,578276.0,1492503.4476547767,233.0
41,BROWARD,2012,FL,376205.0,809178.9096921141,228.0
42,CALHOUN,2006,FL,1700.0,1851.9058230000117,
43,CALHOUN,2007,FL,1622.0,2021.5322535000098,
44,CALHOUN,2008,FL,1760.0,2225.156550000013,
45,CALHOUN,2009,FL,1925.0,2580.2354700000137,
46,CALHOUN,2010,FL,2126.0,2722.4359650000147,
47,CALHOUN,2011,FL,1932.0,2810.688731362515,
48,CALHOUN,2012,FL,1944.0,2793.381480000016,
49,CHARLOTTE,2006,FL,42312.0,82123.59715794155,
50,CHARLOTTE,2007,FL,46668.0,103366.66686720558,
51,CHARLOTTE,2008,FL,57171.0,142308.39840053048,
52,CHARLOTTE,2009,FL,69064.0,191565.34862749267,
53,CHARLOTTE,2010,FL,81085.0,230654.24658953073,
54,CHARLOTTE,2011,FL,77723.0,207165.206288144,1.0
55,CHARLOTTE,2012,FL,54899.0,120917.42719837994,
56,CITRUS,2006,FL,34227.0,49646.89102934089,23.0
57,CITRUS,2007,FL,38276.0,58420.50957311638,17.0
58,CITRUS,2008,FL,41632.0,71761.41768466689,25.0
59,CITRUS,2009,FL,45156.0,81649.55125245466,19.0
60,CITRUS,2010,FL,54855.0,111738.27332779265,27.0
61,CITRUS,2011,FL,70606.0,148717.2534045444,29.0
62,CITRUS,2012,FL,51717.0,101576.39330385461,37.0
63,CLAY,2006,FL,46009.0,69327.28997720485,15.0
64,CLAY,2007,FL,52861.0,85815.94069483093,26.0
65,CLAY,2008,FL,59150.0,98532.92591602,19.0
66,CLAY,2009,FL,67219.0,125011.3671661208,29.0
67,CLAY,2010,FL,73312.0,144996.73572807058,2.0
68,CLAY,2011,FL,75101.0,149491.52033715992,23.0
69,CLAY,2012,FL,73326.0,134424.40624451957,28.0
70,COLLIER,2006,FL,53223.0,107528.68073415474,43.0
71,COLLIER,2007,FL,59638.0,129910.31275693116,38.0
72,COLLIER,2008,FL,65763.0,147472.3473860064,18.0
73,COLLIER,2009,FL,81749.0,202995.69626767907,54.0
74,COLLIER,2010,FL,92949.0,237663.7797535899,36.0
75,COLLIER,2011,FL,90667.0,198903.37525609313,41.0
76,COLLIER,2012,FL,68131.0,141917.0842426926,31.0
77,COLUMBIA,2006,FL,15559.0,27550.681708588032,
78,COLUMBIA,2007,FL,17028.0,30011.436168013053,
79,COLUMBIA,2008,FL,20635.0,37731.01713781312,1.0
80,COLUMBIA,2009,FL,22076.0,40150.09677022534,
81,COLUMBIA,2010,FL,27460.0,54609.82727294974,17.0
82,COLUMBIA,2011,FL,25775.0,50996.45302499963,
83,COLUMBIA,2012,FL,24254.0,49737.84482999941,16.0
84,DE SOTO,2006,FL,4940.0,7179.580011500067,
85,DE SOTO,2007,FL,5333.0,7726.090771792575,
86,DE SOTO,2008,FL,5340.0,7953.604365000078,
87,DE SOTO,2009,FL,5307.0,9826.920240000087,
88,DE SOTO,2010,FL,6685.0,13087.621237500123,
89,DE SOTO,2011,FL,8166.0,18280.029405000176,
90,DE SOTO,2012,FL,7784.0,16695.973792500132,
91,DIXIE,2006,FL,1464.0,2952.7461250000056,
92,DIXIE,2007,FL,1580.0,3098.6997413625013,
93,DIXIE,2008,FL,1634.0,3247.38976500001,
94,DIXIE,2009,FL,1555.0,2874.669041362513,
95,DIXIE,2010,FL,1417.0,2657.110350000012,
96,DIXIE,2011,FL,1305.0,2559.3821700000085,
97,DIXIE,2012,FL,1550.0,3326.242594312511,
98,DUVAL,2006,FL,196107.0,293452.9754727002,146.0
99,DUVAL,2007,FL,232966.0,344954.36544153484,140.0
100,DUVAL,2008,FL,242406.0,408809.255086162,108.0
101,DUVAL,2009,FL,284299.0,534398.118650884,137.0
102,DUVAL,2010,FL,360285.0,765000.2969470624,38.0
103,DUVAL,2011,FL,359950.0,659029.698137702,147.0
104,DUVAL,2012,FL,322712.0,555328.0796860629,30.0
105,ESCAMBIA,2006,FL,63765.0,96186.44732702237,45.0
106,ESCAMBIA,2007,FL,74727.0,113832.92120254097,31.0
107,ESCAMBIA,2008,FL,75449.0,116136.84399340067,28.0
108,ESCAMBIA,2009,FL,80002.0,127790.39184473806,16.0
109,ESCAMBIA,2010,FL,92828.0,156708.2074941154,25.0
110,ESCAMBIA,2011,FL,89697.0,146310.74382428935,29.0
111,ESCAMBIA,2012,FL,77479.0,129016.23428401133,25.0
112,FLAGLER,2006,FL,13710.0,21015.01938367547,
113,FLAGLER,2007,FL,15080.0,24313.087587762962,
114,FLAGLER,2008,FL,17543.0,30727.47041245048,
115,FLAGLER,2009,FL,22838.0,45094.2061172634,
116,FLAGLER,2010,FL,25664.0,54742.9390545383,
117,FLAGLER,2011,FL,27138.0,58500.27469567639,16.0
118,FLAGLER,2012,FL,27385.0,54252.2921795262,
119,FRANKLIN,2006,FL,1346.0,2174.577223000009,
120,FRANKLIN,2007,FL,1241.0,2099.0765175000056,
121,FRANKLIN,2008,FL,1407.0,2152.9779473625103,
122,FRANKLIN,2009,FL,1382.0,1955.3521200000089,
123,FRANKLIN,2010,FL,1854.0,2736.8763675000123,
124,FRANKLIN,2011,FL,1703.0,2695.184816362508,
125,FRANKLIN,2012,FL,1678.0,2741.9306925000096,
126,GADSDEN,2006,FL,5176.0,6021.017100225093,
127,GADSDEN,2007,FL,5553.0,7138.511467500114,
128,GADSDEN,2008,FL,5676.0,6724.820623500107,
129,GADSDEN,2009,FL,5920.0,7168.381856812628,
130,GADSDEN,2010,FL,6329.0,8384.369197500151,
131,GADSDEN,2011,FL,6840.0,10053.993885000134,
132,GADSDEN,2012,FL,6238.0,8671.229358862623,
133,GILCHRIST,2006,FL,1812.0,4032.605950000007,
134,GILCHRIST,2007,FL,1798.0,4195.956289500011,
135,GILCHRIST,2008,FL,2180.0,4955.8422,
136,GILCHRIST,2009,FL,2733.0,6117.87199136251,
137,GILCHRIST,2010,FL,2748.0,5760.958282725,
138,GILCHRIST,2011,FL,2977.0,5709.07000500002,
139,GILCHRIST,2012,FL,2826.0,5469.281212500022,
140,GLADES,2009,FL,797.0,2627.311200000001,
141,GLADES,2010,FL,1859.0,6489.442050000003,
142,GLADES,2011,FL,1268.0,4646.4681000000055,
143,GLADES,2012,FL,484.0,1898.2095000000022,
144,GULF,2006,FL,1917.0,3543.3416160000033,
145,GULF,2007,FL,2261.0,3813.9477660000057,
146,GULF,2008,FL,2219.0,3573.714215000012,
147,GULF,2009,FL,2370.0,3494.621707500005,
148,GULF,2010,FL,2762.0,4311.71625000002,
149,GULF,2011,FL,2569.0,3866.418202500016,
150,GULF,2012,FL,3248.0,4012.6529025000223,
151,HAMILTON,2006,FL,1219.0,1804.8995505000073,
152,HAMILTON,2007,FL,1395.0,2249.3530935000053,
153,HAMILTON,2008,FL,1773.0,3039.991791000008,
154,HAMILTON,2009,FL,1430.0,2305.1553525000054,
155,HAMILTON,2010,FL,1921.0,3470.6828288625106,
156,HAMILTON,2011,FL,1812.0,3033.594877500013,
157,HAMILTON,2012,FL,1360.0,2549.6674875000076,
158,HARDEE,2006,FL,2837.0,3682.5681049999953,
159,HARDEE,2007,FL,3019.0,3996.159572499998,
160,HARDEE,2008,FL,3329.0,4647.926044500018,
161,HARDEE,2009,FL,3960.0,7751.621392500056,
162,HARDEE,2010,FL,4379.0,8867.193390000095,
163,HARDEE,2011,FL,4573.0,9282.533205000105,
164,HARDEE,2012,FL,4096.0,7940.830061362598,
165,HENDRY,2006,FL,9276.0,16527.160282500317,
166,HENDRY,2007,FL,9806.0,19191.329012087892,
167,HENDRY,2008,FL,10517.0,20998.036911000414,
168,HENDRY,2009,FL,11019.0,22472.576881575413,
169,HENDRY,2010,FL,12672.0,27617.015310000446,
170,HENDRY,2011,FL,12171.0,26953.096248862927,
171,HENDRY,2012,FL,10295.0,19653.150187500432,
172,HERNANDO,2006,FL,53912.0,78727.92757445497,25.0
173,HERNANDO,2007,FL,64728.0,111241.43089612249,36.0
174,HERNANDO,2008,FL,85515.0,197158.77536772224,45.0
175,HERNANDO,2009,FL,98080.0,245050.01594727513,43.0
176,HERNANDO,2010,FL,122381.0,331289.8299954519,5.0
177,HERNANDO,2011,FL,101849.0,239292.42987068725,33.0
178,HERNANDO,2012,FL,82000.0,163153.66029019607,25.0
179,HIGHLANDS,2006,FL,16275.0,22995.715222501018,
180,HIGHLANDS,2007,FL,16112.0,24466.187287941113,
181,HIGHLANDS,2008,FL,17536.0,28613.962263501002,
182,HIGHLANDS,2009,FL,18859.0,33721.28850067624,
183,HIGHLANDS,2010,FL,23446.0,45729.84357431389,
184,HIGHLANDS,2011,FL,26451.0,54161.62926453876,17.0
185,HIGHLANDS,2012,FL,22165.0,41042.59796340114,11.0
186,HILLSBOROUGH,2006,FL,628041.0,1027723.7849867414,185.0
187,HILLSBOROUGH,2007,FL,464509.0,1189548.966784732,257.0
188,HILLSBOROUGH,2008,FL,536053.0,1507903.6186250553,244.0
189,HILLSBOROUGH,2009,FL,704001.0,2124149.0308500133,270.0
190,HILLSBOROUGH,2010,FL,886454.0,2801560.6110086474,259.0
191,HILLSBOROUGH,2011,FL,598107.0,1533314.54995062,242.0
192,HILLSBOROUGH,2012,FL,409951.0,855609.6664839308,41.0
193,HOLMES,2006,FL,2984.0,5115.280070000033,
194,HOLMES,2007,FL,3544.0,5388.6306392250335,
195,HOLMES,2008,FL,3711.0,5350.438789587534,
196,HOLMES,2009,FL,2688.0,5461.291740450045,
197,HOLMES,2010,FL,2432.0,5004.425704087547,
198,HOLMES,2011,FL,2596.0,5188.443866362564,
199,HOLMES,2012,FL,2881.0,5462.597160000079,
200,INDIAN RIVER,2006,FL,27910.0,43237.35108176451,23.0
201,INDIAN RIVER,2007,FL,31128.0,51702.13878888993,22.0
202,INDIAN RIVER,2008,FL,36729.0,64186.80297262764,29.0
203,INDIAN RIVER,2009,FL,43357.0,79226.07711930283,31.0
204,INDIAN RIVER,2010,FL,51159.0,111822.90470929068,18.0
205,INDIAN RIVER,2011,FL,60802.0,141158.72960861557,25.0
206,INDIAN RIVER,2012,FL,48519.0,98923.32428561535,17.0
207,JACKSON,2006,FL,7130.0,9866.87533750018,
208,JACKSON,2007,FL,8327.0,11355.73454750023,
209,JACKSON,2008,FL,8860.0,12130.103321500199,
210,JACKSON,2009,FL,9270.0,13341.586837500203,
211,JACKSON,2010,FL,10389.0,14859.5648250002,
212,JACKSON,2011,FL,10552.0,16484.638485000258,
213,JACKSON,2012,FL,11804.0,17427.980370000343,
214,JEFFERSON,2006,FL,1565.0,1465.4849204999978,
215,JEFFERSON,2007,FL,1740.0,1732.0343369999987,
216,JEFFERSON,2008,FL,1791.0,2123.4259035000014,
217,JEFFERSON,2009,FL,2016.0,2413.278483862504,
218,JEFFERSON,2010,FL,1944.0,2637.125017499998,
219,JEFFERSON,2011,FL,2100.0,2823.4519350000014,
220,JEFFERSON,2012,FL,1991.0,2213.915520000002,
221,LAFAYETTE,2006,FL,765.0,1215.7013750000024,
222,LAFAYETTE,2007,FL,861.0,1355.7724875000035,
223,LAFAYETTE,2008,FL,772.0,1361.0927500000043,
224,LAFAYETTE,2009,FL,898.0,1257.6621750000022,
225,LAFAYETTE,2010,FL,829.0,1363.4092875000038,
226,LAFAYETTE,2011,FL,875.0,1307.1051675000037,
227,LAFAYETTE,2012,FL,1145.0,1295.000272500003,
228,LAKE,2006,FL,44458.0,64563.419322430826,16.0
229,LAKE,2007,FL,52090.0,82180.0273315835,2.0
230,LAKE,2008,FL,60587.0,103711.04927071046,24.0
231,LAKE,2009,FL,73652.0,140752.4985708866,32.0
232,LAKE,2010,FL,85573.0,177229.26266112374,34.0
233,LAKE,2011,FL,89175.0,179071.4653870261,38.0
234,LAKE,2012,FL,84770.0,156520.69777519707,26.0
235,LEE,2006,FL,143559.0,309886.7067442962,98.0
236,LEE,2007,FL,143259.0,295673.26356948045,98.0
237,LEE,2008,FL,159689.0,340668.9295273179,95.0
238,LEE,2009,FL,188905.0,439929.93098849984,93.0
239,LEE,2010,FL,260501.0,680132.8328027857,34.0
240,LEE,2011,FL,238845.0,587055.7268651474,96.0
241,LEE,2012,FL,154361.0,272161.03570029355,67.0
242,LEON,2006,FL,33656.0,43067.63904172785,
243,LEON,2007,FL,37396.0,47083.40082031617,13.0
244,LEON,2008,FL,42316.0,51120.25009326629,14.0
245,LEON,2009,FL,44513.0,55928.52241912887,
246,LEON,2010,FL,39065.0,56268.735998178905,
247,LEON,2011,FL,40376.0,58086.072975454146,13.0
248,LEON,2012,FL,41548.0,61292.55911044085,
249,LEVY,2006,FL,15082.0,18659.653543000506,
250,LEVY,2007,FL,19208.0,22313.800503725663,
251,LEVY,2008,FL,20042.0,28379.512612900682,
252,LEVY,2009,FL,19769.0,33730.549890900475,
253,LEVY,2010,FL,20227.0,36649.65238590018,
254,LEVY,2011,FL,25323.0,36064.200581587655,
255,LEVY,2012,FL,17869.0,28221.14943180032,13.0
256,LIBERTY,2006,FL,302.0,628.4498325000004,
257,LIBERTY,2007,FL,298.0,738.3230204999995,
258,LIBERTY,2008,FL,365.0,771.9740625000013,
259,LIBERTY,2009,FL,378.0,686.3627999999998,
260,LIBERTY,2010,FL,645.0,1141.6443375000038,
261,LIBERTY,2011,FL,470.0,821.8818000000018,
262,LIBERTY,2012,FL,409.0,764.5792500000002,
263,MADISON,2006,FL,2426.0,2315.6333313624987,
264,MADISON,2007,FL,2673.0,2632.527374224996,
265,MADISON,2008,FL,2711.0,2793.8812853624886,
266,MADISON,2009,FL,2819.0,3389.4532243125,
267,MADISON,2010,FL,3408.0,4027.7635124999883,
268,MADISON,2011,FL,3853.0,4642.083652499993,
269,MADISON,2012,FL,4118.0,4504.777440000004,
270,MANATEE,2006,FL,93426.0,150205.64369562527,54.0
271,MANATEE,2007,FL,104070.0,172443.21415870427,46.0
272,MANATEE,2008,FL,106130.0,196741.84314976458,45.0
273,MANATEE,2009,FL,110846.0,228282.8999302286,74.0
274,MANATEE,2010,FL,144076.0,360934.6839088658,76.0
275,MANATEE,2011,FL,142705.0,326820.0550758578,64.0
276,MANATEE,2012,FL,109968.0,219299.73861376347,4.0
277,MARION,2006,FL,74560.0,114208.97585439957,55.0
278,MARION,2007,FL,83895.0,140167.10838947791,3.0
279,MARION,2008,FL,91141.0,160020.95087337864,38.0
280,MARION,2009,FL,96726.0,177998.09807908162,53.0
281,MARION,2010,FL,108128.0,216686.24085170456,51.0
282,MARION,2011,FL,107338.0,209503.19854884347,46.0
283,MARION,2012,FL,98285.0,175709.7753719747,44.0
284,MARTIN,2006,FL,31563.0,68573.12878736468,
285,MARTIN,2007,FL,34224.0,77097.86936731488,
286,MARTIN,2008,FL,39259.0,99157.7796427273,
287,MARTIN,2009,FL,45835.0,121781.2565109028,
288,MARTIN,2010,FL,53895.0,149894.56248134995,
289,MARTIN,2011,FL,52015.0,137044.59642521478,
290,MARTIN,2012,FL,39271.0,85087.5526195141,
291,MIAMI-DADE,2006,FL,159171.0,303039.7180859787,142.0
292,MIAMI-DADE,2007,FL,173867.0,373495.88119888,50.0
293,MIAMI-DADE,2008,FL,205617.0,519536.8065604283,122.0
294,MIAMI-DADE,2009,FL,291639.0,801945.1460796333,155.0
295,MIAMI-DADE,2010,FL,399644.0,1242761.2069210964,98.0
296,MIAMI-DADE,2011,FL,397969.0,1070607.7594410407,122.0
297,MIAMI-DADE,2012,FL,276012.0,503313.85781031137,135.0
298,MONROE,2006,FL,25757.0,42203.180115727446,15.0
299,MONROE,2007,FL,28176.0,46281.92468422733,17.0
300,MONROE,2008,FL,31686.0,53446.0962143649,18.0
301,MONROE,2009,FL,38352.0,71369.62996954055,
302,MONROE,2010,FL,38526.0,77309.9665754274,16.0
303,MONROE,2011,FL,36017.0,71118.77676247715,2.0
304,MONROE,2012,FL,26297.0,47813.94658245115,
305,NASSAU,2006,FL,19445.0,26318.179441313612,
306,NASSAU,2007,FL,22100.0,30364.848846726178,1.0
307,NASSAU,2008,FL,25612.0,38339.252757001115,17.0
308,NASSAU,2009,FL,27893.0,45514.90099500119,1.0
309,NASSAU,2010,FL,32440.0,55038.31814681382,14.0
310,NASSAU,2011,FL,37173.0,64563.827895676506,13.0
311,NASSAU,2012,FL,35065.0,60370.36705567631,16.0
312,OKALOOSA,2006,FL,30567.0,51768.87854175236,27.0
313,OKALOOSA,2007,FL,32670.0,51948.68690433954,29.0
314,OKALOOSA,2008,FL,34198.0,53881.856700314645,16.0
315,OKALOOSA,2009,FL,34974.0,58085.78683608912,16.0
316,OKALOOSA,2010,FL,38059.0,61460.166825451495,13.0
317,OKALOOSA,2011,FL,40884.0,63730.0104006768,16.0
318,OKALOOSA,2012,FL,41873.0,64457.98492338954,14.0
319,OKEECHOBEE,2006,FL,12173.0,20628.537535312924,
320,OKEECHOBEE,2007,FL,13256.0,24923.11014090056,
321,OKEECHOBEE,2008,FL,14533.0,29189.02021492556,11.0
322,OKEECHOBEE,2009,FL,16798.0,35903.96056931306,
323,OKEECHOBEE,2010,FL,22542.0,55324.33029045053,
324,OKEECHOBEE,2011,FL,20574.0,49274.62340681288,1.0
325,OKEECHOBEE,2012,FL,15717.0,32380.212796350206,1.0
326,ORANGE,2006,FL,149796.0,249616.1813477574,90.0
327,ORANGE,2007,FL,165158.0,305170.6164433013,110.0
328,ORANGE,2008,FL,217640.0,483055.08753783966,120.0
329,ORANGE,2009,FL,294904.0,688873.4670695318,120.0
330,ORANGE,2010,FL,434154.0,1118030.4767550745,149.0
331,ORANGE,2011,FL,399566.0,879529.7461210428,148.0
332,ORANGE,2012,FL,288268.0,536535.5904660167,131.0
333,OSCEOLA,2006,FL,30491.0,50817.7219688153,13.0
334,OSCEOLA,2007,FL,36538.0,64095.23232799104,26.0
335,OSCEOLA,2008,FL,46200.0,93117.01540626754,18.0
336,OSCEOLA,2009,FL,83554.0,225661.79262585755,15.0
337,OSCEOLA,2010,FL,99348.0,289370.5034899938,22.0
338,OSCEOLA,2011,FL,71875.0,188818.9885286297,35.0
339,OSCEOLA,2012,FL,54319.0,126453.88542135335,29.0
340,PALM BEACH,2006,FL,291751.0,645319.1794897038,211.0
341,PALM BEACH,2007,FL,358376.0,924515.0144843023,37.0
342,PALM BEACH,2008,FL,465202.0,1334354.3831698054,226.0
343,PALM BEACH,2009,FL,616478.0,1813924.7727780056,276.0
344,PALM BEACH,2010,FL,633100.0,1897698.5658714669,230.0
345,PALM BEACH,2011,FL,453078.0,1063694.6929810361,59.0
346,PALM BEACH,2012,FL,307180.0,625882.0926076007,185.0
347,PASCO,2006,FL,139422.0,268426.05337068974,83.0
348,PASCO,2007,FL,153626.0,356094.0088700386,125.0
349,PASCO,2008,FL,190140.0,494709.0844496416,147.0
350,PASCO,2009,FL,209173.0,561319.1654819302,148.0
351,PASCO,2010,FL,260995.0,761605.8105571279,173.0
352,PASCO,2011,FL,250508.0,678130.6519052933,129.0
353,PASCO,2012,FL,162458.0,345632.1551612219,109.0
354,PINELLAS,2006,FL,397454.0,607000.7514847196,213.0
355,PINELLAS,2007,FL,322241.0,636336.2976673237,235.0
356,PINELLAS,2008,FL,383104.0,933646.569568357,264.0
357,PINELLAS,2009,FL,396502.0,1035506.5572692738,265.0
358,PINELLAS,2010,FL,504624.0,1438059.3423173134,284.0
359,PINELLAS,2011,FL,491492.0,1262519.967371778,244.0
360,PINELLAS,2012,FL,343117.0,687164.8072970272,221.0
361,POLK,2006,FL,150467.0,178941.7804374425,67.0
362,POLK,2007,FL,113435.0,170075.5240327064,82.0
363,POLK,2008,FL,116501.0,171113.17612787182,95.0
364,POLK,2009,FL,124642.0,198919.97026206178,103.0
365,POLK,2010,FL,152507.0,285711.95230705454,86.0
366,POLK,2011,FL,152606.0,281211.84447592206,112.0
367,POLK,2012,FL,134028.0,232197.59944457424,84.0
368,PUTNAM,2006,FL,22522.0,38637.50297338853,
369,PUTNAM,2007,FL,24160.0,39640.180580013555,
370,PUTNAM,2008,FL,26185.0,45305.6510537635,
371,PUTNAM,2009,FL,32905.0,71246.09851038855,
372,PUTNAM,2010,FL,39706.0,97258.92064856419,21.0
373,PUTNAM,2011,FL,38897.0,96933.59939287585,17.0
374,PUTNAM,2012,FL,28822.0,58549.29352541298,
375,SAINT JOHNS,2006,FL,27960.0,43666.0835257272,
376,SAINT JOHNS,2007,FL,29895.0,49616.90935490194,
377,SAINT JOHNS,2008,FL,33280.0,56641.75821353928,
378,SAINT JOHNS,2009,FL,39071.0,75312.16558447838,
379,SAINT JOHNS,2010,FL,51597.0,113272.68569794175,
380,SAINT JOHNS,2011,FL,45768.0,92067.24857385356,
381,SAINT JOHNS,2012,FL,40175.0,72420.25782135202,
382,SAINT LUCIE,2006,FL,47646.0,95970.4534293669,
383,SAINT LUCIE,2007,FL,52596.0,112422.71420493034,
384,SAINT LUCIE,2008,FL,60083.0,139178.02248923187,
385,SAINT LUCIE,2009,FL,69569.0,166843.1393083942,
386,SAINT LUCIE,2010,FL,81989.0,212293.29962726802,
387,SAINT LUCIE,2011,FL,100039.0,273106.0612079329,
388,SAINT LUCIE,2012,FL,65019.0,143969.89979723035,
389,SANTA ROSA,2006,FL,24805.0,44111.67851095136,28.0
390,SANTA ROSA,2007,FL,31370.0,51318.023231731866,2.0
391,SANTA ROSA,2008,FL,35133.0,57690.950861713805,21.0
392,SANTA ROSA,2009,FL,40724.0,67867.26888157676,11.0
393,SANTA ROSA,2010,FL,48778.0,89435.96215725293,17.0
394,SANTA ROSA,2011,FL,49266.0,90109.9158802153,18.0
395,SANTA ROSA,2012,FL,43527.0,79863.11723385204,1.0
396,SARASOTA,2006,FL,104592.0,186351.13329228776,76.0
397,SARASOTA,2007,FL,122394.0,242670.3861623037,76.0
398,SARASOTA,2008,FL,137567.0,324196.6680052038,71.0
399,SARASOTA,2009,FL,142931.0,367976.2322097207,75.0
400,SARASOTA,2010,FL,158055.0,426108.3153456161,83.0
401,SARASOTA,2011,FL,161333.0,412731.76329699194,84.0
402,SARASOTA,2012,FL,122325.0,266242.8890628439,71.0
403,SEMINOLE,2006,FL,85310.0,134735.66849282285,38.0
404,SEMINOLE,2007,FL,96767.0,185430.98862422438,49.0
405,SEMINOLE,2008,FL,117073.0,256465.7715015744,41.0
406,SEMINOLE,2009,FL,147318.0,320779.05599589634,72.0
407,SEMINOLE,2010,FL,196230.0,491538.4489893029,61.0
408,SEMINOLE,2011,FL,208730.0,521292.23653927376,60.0
409,SEMINOLE,2012,FL,118734.0,186169.02560922125,4.0
410,SUMTER,2006,FL,12089.0,12822.86720500025,
411,SUMTER,2007,FL,15059.0,16784.182853000446,
412,SUMTER,2008,FL,15273.0,21509.17227172555,
413,SUMTER,2009,FL,18925.0,30569.094904538237,
414,SUMTER,2010,FL,27414.0,58311.86179680132,
415,SUMTER,2011,FL,26919.0,54304.06510226349,
416,SUMTER,2012,FL,24079.0,45944.804344276126,
417,SUWANNEE,2006,FL,7498.0,9345.596314950142,
418,SUWANNEE,2007,FL,8375.0,11324.528017850196,
419,SUWANNEE,2008,FL,8777.0,12980.800460675146,
420,SUWANNEE,2009,FL,8623.0,12835.53590703761,
421,SUWANNEE,2010,FL,9321.0,13182.17120636261,
422,SUWANNEE,2011,FL,9366.0,14079.857971125128,
423,SUWANNEE,2012,FL,8992.0,13754.14157928763,
424,TAYLOR,2006,FL,5160.0,5544.284807500053,
425,TAYLOR,2007,FL,6562.0,6762.137541362609,
426,TAYLOR,2008,FL,7916.0,8597.878620000138,
427,TAYLOR,2009,FL,10746.0,11572.54885886278,
428,TAYLOR,2010,FL,7620.0,9613.77404636274,
429,TAYLOR,2011,FL,8081.0,10229.764905225185,
430,TAYLOR,2012,FL,7694.0,10201.239000000194,
431,UNION,2006,FL,1802.0,2453.7138810000033,
432,UNION,2007,FL,1913.0,2777.3403794000114,
433,UNION,2008,FL,2480.0,3458.164693350011,
434,UNION,2009,FL,2858.0,4037.616628387515,
435,UNION,2010,FL,3049.0,5090.0048481750155,
436,UNION,2011,FL,2671.0,3801.527356575017,
437,UNION,2012,FL,2570.0,3553.925989762516,
438,VOLUSIA,2006,FL,108609.0,166518.40532767298,80.0
439,VOLUSIA,2007,FL,119160.0,195477.5530197753,62.0
440,VOLUSIA,2008,FL,140776.0,275349.3369203822,83.0
441,VOLUSIA,2009,FL,175247.0,370128.3798411163,106.0
442,VOLUSIA,2010,FL,206061.0,481913.3875672456,104.0
443,VOLUSIA,2011,FL,199050.0,396323.0280208701,89.0
444,VOLUSIA,2012,FL,154624.0,265012.3541039926,85.0
445,WAKULLA,2006,FL,4502.0,5464.2538940000395,
446,WAKULLA,2007,FL,5662.0,7575.903873500098,
447,WAKULLA,2008,FL,6055.0,8114.9219535001175,
448,WAKULLA,2009,FL,6013.0,8481.538980000116,
449,WAKULLA,2010,FL,6420.0,8909.32365386265,
450,WAKULLA,2011,FL,7250.0,9653.313382725166,
451,WAKULLA,2012,FL,7359.0,9747.85644772516,
452,WALTON,2006,FL,13342.0,22041.41405562554,16.0
453,WALTON,2007,FL,15418.0,24799.00105896552,12.0
454,WALTON,2008,FL,14151.0,24625.185682337924,
455,WALTON,2009,FL,14722.0,29237.20863746275,
456,WALTON,2010,FL,17078.0,36549.72888131253,
457,WALTON,2011,FL,17250.0,35063.18099358773,
458,WALTON,2012,FL,16577.0,32404.67842676286,
459,WASHINGTON,2006,FL,5553.0,7659.031901000099,
460,WASHINGTON,2007,FL,6864.0,9660.023178300129,
461,WASHINGTON,2008,FL,8172.0,11461.81200412512,
462,WASHINGTON,2009,FL,9158.0,13060.632694987646,
463,WASHINGTON,2010,FL,9853.0,14208.243114900131,
464,WASHINGTON,2011,FL,9622.0,13964.081089987638,
465,WASHINGTON,2012,FL,10189.0,15658.135787925181,
466,nan,2006,FL,9.0,2.7243000000000004,
467,nan,2007,FL,7.0,2.1189,
