,County,Year,State,MME,Deaths
0,ADAMS,2006,IN,3290.647777499995,
1,ADAMS,2007,IN,3786.5570624999873,
2,ADAMS,2008,IN,3946.6673999999994,
3,ADAMS,2009,IN,4369.483762500018,
4,ADAMS,2010,IN,5176.396710000045,
5,ADAMS,2011,IN,6431.732400000076,
6,ADAMS,2012,IN,7668.768855000082,
7,ALLEN,2006,IN,48037.84991659134,19.0
8,ALLEN,2007,IN,55528.180096992815,18.0
9,ALLEN,2008,IN,64881.65594266926,22.0
10,ALLEN,2009,IN,79105.46009940881,31.0
11,ALLEN,2010,IN,89461.47146997279,33.0
12,ALLEN,2011,IN,94547.9398168609,25.0
13,ALLEN,2012,IN,110190.4271684735,33.0
14,BARTHOLOMEW,2006,IN,32109.75190822624,
15,BARTHOLOMEW,2007,IN,39953.427526626736,10.0
16,BARTHOLOMEW,2008,IN,44218.35153693945,14.0
17,BARTHOLOMEW,2009,IN,47197.97768385183,
18,BARTHOLOMEW,2010,IN,48943.89980021432,14.0
19,BARTHOLOMEW,2011,IN,52519.7474038518,
20,BARTHOLOMEW,2012,IN,55403.16171045188,
21,BENTON,2006,IN,587.2719225000002,
22,BENTON,2007,IN,507.4149674999995,
23,BENTON,2008,IN,613.7498550000001,
24,BENTON,2009,IN,1079.2661700000028,
25,BENTON,2010,IN,604.8693149999998,
26,BENTON,2011,IN,563.0899874999997,
27,BENTON,2012,IN,667.7096250000006,
28,BLACKFORD,2006,IN,5285.686666500009,
29,BLACKFORD,2007,IN,7058.54843100002,
30,BLACKFORD,2008,IN,8353.47055417501,
31,BLACKFORD,2009,IN,9754.883400000037,
32,BLACKFORD,2010,IN,10041.242774999999,
33,BLACKFORD,2011,IN,9787.732837500049,
34,BLACKFORD,2012,IN,11310.607988400043,
35,BOONE,2006,IN,10059.567466000186,
36,BOONE,2007,IN,12679.139156675228,
37,BOONE,2008,IN,16200.99539936289,
38,BOONE,2009,IN,18474.611505450477,
39,BOONE,2010,IN,20987.10823181308,
40,BOONE,2011,IN,23958.863767500578,
41,BOONE,2012,IN,27868.37204636299,
42,BROWN,2006,IN,3596.821793499999,
43,BROWN,2007,IN,4021.6539050000033,
44,BROWN,2008,IN,4395.319347500009,
45,BROWN,2009,IN,4178.777625000009,
46,BROWN,2010,IN,3754.7107500000116,
47,BROWN,2011,IN,3774.8790375000103,
48,BROWN,2012,IN,3648.079537500007,
49,CARROLL,2006,IN,1528.671673000002,
50,CARROLL,2007,IN,1921.6664325000038,
51,CARROLL,2008,IN,2192.3365590000067,
52,CARROLL,2009,IN,2440.6591050000065,
53,CARROLL,2010,IN,2015.0392875000043,
54,CARROLL,2011,IN,2763.754327500005,
55,CARROLL,2012,IN,3018.2449875000043,
56,CASS,2006,IN,4879.362639500025,
57,CASS,2007,IN,5909.940867000056,
58,CASS,2008,IN,7135.397292862584,
59,CASS,2009,IN,8855.856570000127,
60,CASS,2010,IN,8564.843085450106,
61,CASS,2011,IN,10642.478115900152,
62,CASS,2012,IN,12416.003775000137,
63,CLARK,2006,IN,40367.76438958935,10.0
64,CLARK,2007,IN,47380.20452186483,12.0
65,CLARK,2008,IN,60149.74765917799,15.0
66,CLARK,2009,IN,69054.35792044066,
67,CLARK,2010,IN,77671.65040909147,19.0
68,CLARK,2011,IN,82532.47356000383,29.0
69,CLARK,2012,IN,88072.78299022929,30.0
70,CLAY,2006,IN,6088.775954362521,
71,CLAY,2007,IN,7601.5093080000715,
72,CLAY,2008,IN,8550.631620000077,
73,CLAY,2009,IN,8725.974075000113,
74,CLAY,2010,IN,9314.267812500131,
75,CLAY,2011,IN,10188.728910000165,
76,CLAY,2012,IN,10659.246885000204,
77,CLINTON,2006,IN,5536.333168000031,
78,CLINTON,2007,IN,7895.293393500099,
79,CLINTON,2008,IN,9079.987861500114,
80,CLINTON,2009,IN,10294.811550000139,
81,CLINTON,2010,IN,11880.275497500117,
82,CLINTON,2011,IN,13434.838575000123,
83,CLINTON,2012,IN,15771.01534136262,
84,CRAWFORD,2006,IN,1846.2151020000013,
85,CRAWFORD,2007,IN,2784.894862500003,
86,CRAWFORD,2008,IN,2810.621400000005,
87,CRAWFORD,2009,IN,2857.514797499999,
88,CRAWFORD,2010,IN,2905.3976625000096,
89,CRAWFORD,2011,IN,3216.7819913625067,
90,CRAWFORD,2012,IN,3304.6393059000034,
91,DAVIESS,2006,IN,9589.886132500049,
92,DAVIESS,2007,IN,11802.963538000027,
93,DAVIESS,2008,IN,12623.684476500053,
94,DAVIESS,2009,IN,13062.883657500115,
95,DAVIESS,2010,IN,13347.069247500169,
96,DAVIESS,2011,IN,15187.502032500142,
97,DAVIESS,2012,IN,16547.241180000037,
98,DE KALB,2006,IN,5930.318139000073,
99,DE KALB,2007,IN,7161.044250000121,
100,DE KALB,2008,IN,7607.751622500141,
101,DE KALB,2009,IN,8534.735662500138,
102,DE KALB,2010,IN,10257.212790225176,
103,DE KALB,2011,IN,11962.439711362738,
104,DE KALB,2012,IN,14348.14104772526,
105,DEARBORN,2006,IN,19545.5830798505,
106,DEARBORN,2007,IN,24437.07517130074,
107,DEARBORN,2008,IN,28298.47900950072,
108,DEARBORN,2009,IN,29361.350662725217,
109,DEARBORN,2010,IN,33306.373203862815,10.0
110,DEARBORN,2011,IN,31636.738440900237,
111,DEARBORN,2012,IN,30430.194965437644,11.0
112,DECATUR,2006,IN,8128.5512790000985,
113,DECATUR,2007,IN,11594.011716000161,
114,DECATUR,2008,IN,9967.92677700013,
115,DECATUR,2009,IN,10196.064270000115,
116,DECATUR,2010,IN,11015.62291522514,
117,DECATUR,2011,IN,11130.893775000106,
118,DECATUR,2012,IN,12183.213577500095,
119,DELAWARE,2006,IN,47442.61865666564,18.0
120,DELAWARE,2007,IN,56599.88120756694,11.0
121,DELAWARE,2008,IN,59513.24421051788,16.0
122,DELAWARE,2009,IN,66444.24099292996,24.0
123,DELAWARE,2010,IN,71225.80583111767,11.0
124,DELAWARE,2011,IN,70960.57404225512,16.0
125,DELAWARE,2012,IN,75877.43937386804,13.0
126,DUBOIS,2006,IN,11550.580532500177,
127,DUBOIS,2007,IN,13696.370145500161,
128,DUBOIS,2008,IN,14784.802474500162,
129,DUBOIS,2009,IN,15458.471595000192,
130,DUBOIS,2010,IN,15882.848880000192,
131,DUBOIS,2011,IN,17745.24286500019,
132,DUBOIS,2012,IN,19643.945272500117,
133,ELKHART,2006,IN,26928.13537400139,
134,ELKHART,2007,IN,33231.02800208933,
135,ELKHART,2008,IN,38050.37141700211,20.0
136,ELKHART,2009,IN,41652.39327000205,21.0
137,ELKHART,2010,IN,46581.2772788648,13.0
138,ELKHART,2011,IN,52588.711042502444,15.0
139,ELKHART,2012,IN,59172.311681365194,15.0
140,FAYETTE,2006,IN,15396.400500500124,
141,FAYETTE,2007,IN,16215.830282000124,
142,FAYETTE,2008,IN,18173.888580500272,
143,FAYETTE,2009,IN,19959.383325000254,
144,FAYETTE,2010,IN,22968.047325000352,
145,FAYETTE,2011,IN,24852.732292500146,
146,FAYETTE,2012,IN,26004.57297749998,
147,FLOYD,2006,IN,39327.883043864305,10.0
148,FLOYD,2007,IN,47228.03576857713,
149,FLOYD,2008,IN,60672.4559803148,
150,FLOYD,2009,IN,66246.35759726475,
151,FLOYD,2010,IN,71080.83132686486,13.0
152,FLOYD,2011,IN,70270.02176943973,14.0
153,FLOYD,2012,IN,71845.61124000193,14.0
154,FOUNTAIN,2006,IN,4630.246172225012,
155,FOUNTAIN,2007,IN,6713.136534862523,
156,FOUNTAIN,2008,IN,7229.576079000036,
157,FOUNTAIN,2009,IN,7058.099895225023,
158,FOUNTAIN,2010,IN,7428.288862500018,
159,FOUNTAIN,2011,IN,7949.565502500014,
160,FOUNTAIN,2012,IN,8428.622025000031,
161,FRANKLIN,2006,IN,2881.4245785000057,
162,FRANKLIN,2007,IN,4464.358003500003,
163,FRANKLIN,2008,IN,4781.294647500011,
164,FRANKLIN,2009,IN,6235.512675000016,
165,FRANKLIN,2010,IN,7343.671095225017,
166,FRANKLIN,2011,IN,8833.431330000027,
167,FRANKLIN,2012,IN,10143.98271000004,
168,FULTON,2006,IN,4874.988350000044,
169,FULTON,2007,IN,5266.552062500037,
170,FULTON,2008,IN,6341.986984500102,
171,FULTON,2009,IN,7488.797925000085,
172,FULTON,2010,IN,8133.1021240876225,
173,FULTON,2011,IN,8120.077950000105,
174,FULTON,2012,IN,9821.352960225146,
175,GIBSON,2006,IN,6156.878519000057,
176,GIBSON,2007,IN,8714.699488500126,
177,GIBSON,2008,IN,10438.099890000103,
178,GIBSON,2009,IN,12345.151938862611,
179,GIBSON,2010,IN,13340.251897500182,
180,GIBSON,2011,IN,14183.87523000022,
181,GIBSON,2012,IN,15259.008277500148,
182,GRANT,2006,IN,21033.024110587958,
183,GRANT,2007,IN,25407.616664263125,15.0
184,GRANT,2008,IN,28846.465695363215,
185,GRANT,2009,IN,32411.13362295039,10.0
186,GRANT,2010,IN,32380.754797500358,13.0
187,GRANT,2011,IN,33196.325602725236,14.0
188,GRANT,2012,IN,43721.56398408853,24.0
189,GREENE,2006,IN,7659.796478000105,
190,GREENE,2007,IN,9144.08904000006,
191,GREENE,2008,IN,9684.977850000098,
192,GREENE,2009,IN,11085.57960000013,
193,GREENE,2010,IN,11926.438575000178,10.0
194,GREENE,2011,IN,13506.27392636266,
195,GREENE,2012,IN,14154.427605000137,
196,HAMILTON,2006,IN,37667.970191403154,12.0
197,HAMILTON,2007,IN,44716.894535766856,13.0
198,HAMILTON,2008,IN,49637.39251517949,
199,HAMILTON,2009,IN,58455.722685904715,15.0
200,HAMILTON,2010,IN,65470.07742202985,17.0
201,HAMILTON,2011,IN,71798.98592704257,16.0
202,HAMILTON,2012,IN,84460.02020363082,18.0
203,HANCOCK,2006,IN,14323.666079500263,
204,HANCOCK,2007,IN,18682.064752000377,
205,HANCOCK,2008,IN,21667.963071000497,
206,HANCOCK,2009,IN,22585.59070500044,
207,HANCOCK,2010,IN,24345.664275000338,
208,HANCOCK,2011,IN,26165.260777500374,
209,HANCOCK,2012,IN,27952.25277386291,
210,HARRISON,2006,IN,10870.347314500132,
211,HARRISON,2007,IN,12206.386759000141,
212,HARRISON,2008,IN,14205.716068500167,
213,HARRISON,2009,IN,14938.757853862728,
214,HARRISON,2010,IN,16464.49572000022,
215,HARRISON,2011,IN,17147.104125000194,
216,HARRISON,2012,IN,20104.58224500025,
217,HENDRICKS,2006,IN,25304.72844057652,
218,HENDRICKS,2007,IN,34357.28509315235,
219,HENDRICKS,2008,IN,39987.87891879027,12.0
220,HENDRICKS,2009,IN,45416.01502234031,11.0
221,HENDRICKS,2010,IN,47665.91846134054,
222,HENDRICKS,2011,IN,52785.35135134098,13.0
223,HENDRICKS,2012,IN,58549.437178840846,14.0
224,HENRY,2006,IN,18063.532571675612,13.0
225,HENRY,2007,IN,22057.328180888602,18.0
226,HENRY,2008,IN,25514.68728476376,14.0
227,HENRY,2009,IN,28425.582432713578,11.0
228,HENRY,2010,IN,30506.76408885126,12.0
229,HENRY,2011,IN,32084.78679090128,
230,HENRY,2012,IN,33720.09186022614,
231,HOWARD,2006,IN,39247.7831773642,21.0
232,HOWARD,2007,IN,44870.34725281447,24.0
233,HOWARD,2008,IN,49972.13315803976,18.0
234,HOWARD,2009,IN,56339.092347264814,14.0
235,HOWARD,2010,IN,62046.07525657724,21.0
236,HOWARD,2011,IN,68142.46727430227,17.0
237,HOWARD,2012,IN,72462.02877566476,15.0
238,HUNTINGTON,2006,IN,5758.749419000024,
239,HUNTINGTON,2007,IN,7581.937526000086,
240,HUNTINGTON,2008,IN,8327.60406450011,
241,HUNTINGTON,2009,IN,9668.486362500127,
242,HUNTINGTON,2010,IN,11311.204800000209,
243,HUNTINGTON,2011,IN,13395.089437500252,
244,HUNTINGTON,2012,IN,17194.13501250026,
245,JACKSON,2006,IN,14408.921568725154,
246,JACKSON,2007,IN,18261.561208500287,
247,JACKSON,2008,IN,21636.3029750004,
248,JACKSON,2009,IN,23930.654895000345,
249,JACKSON,2010,IN,27157.612188000436,10.0
250,JACKSON,2011,IN,29334.563073862864,
251,JACKSON,2012,IN,28504.414897500057,10.0
252,JASPER,2006,IN,8247.856072500152,
253,JASPER,2007,IN,9899.668268862706,
254,JASPER,2008,IN,10199.795343087704,
255,JASPER,2009,IN,11522.739566362707,
256,JASPER,2010,IN,12678.498716362754,
257,JASPER,2011,IN,14158.414230000331,
258,JASPER,2012,IN,15804.257452500313,
259,JAY,2006,IN,5842.564047037541,
260,JAY,2007,IN,7534.695321000054,
261,JAY,2008,IN,8164.348011000073,
262,JAY,2009,IN,8601.847972500085,
263,JAY,2010,IN,9929.926057500112,
264,JAY,2011,IN,11584.072207725128,
265,JAY,2012,IN,13364.227047262677,
266,JEFFERSON,2006,IN,8556.70756750011,
267,JEFFERSON,2007,IN,11110.962588725166,
268,JEFFERSON,2008,IN,12438.451285725212,
269,JEFFERSON,2009,IN,14100.268065225198,
270,JEFFERSON,2010,IN,15246.015532725216,
271,JEFFERSON,2011,IN,17445.22405158773,
272,JEFFERSON,2012,IN,16769.02677750018,
273,JENNINGS,2006,IN,10709.050684225103,
274,JENNINGS,2007,IN,13049.361932000162,
275,JENNINGS,2008,IN,14407.539672000124,
276,JENNINGS,2009,IN,14994.800678175114,
277,JENNINGS,2010,IN,16223.5855629377,
278,JENNINGS,2011,IN,16289.337622950143,
279,JENNINGS,2012,IN,17771.76829500015,
280,JOHNSON,2006,IN,44348.32942212804,10.0
281,JOHNSON,2007,IN,54725.86832154156,16.0
282,JOHNSON,2008,IN,60971.25073186684,11.0
283,JOHNSON,2009,IN,67000.99076340414,10.0
284,JOHNSON,2010,IN,71779.40115022972,16.0
285,JOHNSON,2011,IN,78741.03358680526,10.0
286,JOHNSON,2012,IN,82167.28839611754,14.0
287,KNOX,2006,IN,14528.77364545026,
288,KNOX,2007,IN,16918.180294212772,
289,KNOX,2008,IN,17744.515700350283,
290,KNOX,2009,IN,18965.403107250164,
291,KNOX,2010,IN,20135.584119300147,
292,KNOX,2011,IN,22675.65323748763,
293,KNOX,2012,IN,25914.297503850074,
294,KOSCIUSKO,2006,IN,13597.111535500211,
295,KOSCIUSKO,2007,IN,17552.121160500432,
296,KOSCIUSKO,2008,IN,19632.731991000463,
297,KOSCIUSKO,2009,IN,22373.608470225572,10.0
298,KOSCIUSKO,2010,IN,24941.29630545057,
299,KOSCIUSKO,2011,IN,27098.461613175634,
300,KOSCIUSKO,2012,IN,30299.28285903822,11.0
301,LA PORTE,2006,IN,23474.253498001,10.0
302,LA PORTE,2007,IN,25717.405919451056,16.0
303,LA PORTE,2008,IN,27755.668601726178,
304,LA PORTE,2009,IN,33468.26977361371,10.0
305,LA PORTE,2010,IN,37959.09729930197,11.0
306,LA PORTE,2011,IN,42782.2737686276,21.0
307,LA PORTE,2012,IN,48824.542814064815,15.0
308,LAGRANGE,2006,IN,1890.8821800000019,
309,LAGRANGE,2007,IN,2122.1578194000003,
310,LAGRANGE,2008,IN,2734.58904795,
311,LAGRANGE,2009,IN,3526.442355000008,
312,LAGRANGE,2010,IN,4084.309425000011,
313,LAGRANGE,2011,IN,4423.536757500024,
314,LAGRANGE,2012,IN,4829.995027500033,
315,LAKE,2006,IN,88087.92493446694,28.0
316,LAKE,2007,IN,96554.53337363186,17.0
317,LAKE,2008,IN,107025.53737503442,29.0
318,LAKE,2009,IN,119240.4272341722,20.0
319,LAKE,2010,IN,131385.50418445055,13.0
320,LAKE,2011,IN,141177.15142690134,21.0
321,LAKE,2012,IN,149745.05122041426,25.0
322,LAWRENCE,2006,IN,20149.75223000041,
323,LAWRENCE,2007,IN,24006.820091750615,
324,LAWRENCE,2008,IN,25561.89962250065,
325,LAWRENCE,2009,IN,27116.83799636297,
326,LAWRENCE,2010,IN,28173.91747886276,
327,LAWRENCE,2011,IN,30211.140480000395,
328,LAWRENCE,2012,IN,32386.943655225154,
329,MADISON,2006,IN,50387.19777500305,37.0
330,MADISON,2007,IN,62184.03788350405,22.0
331,MADISON,2008,IN,68501.76327572903,17.0
332,MADISON,2009,IN,72443.96978659116,33.0
333,MADISON,2010,IN,72512.13360795371,31.0
334,MADISON,2011,IN,78420.84808976701,42.0
335,MADISON,2012,IN,86508.29347931784,38.0
336,MARION,2006,IN,245901.22101652066,114.0
337,MARION,2007,IN,286228.0196348542,123.0
338,MARION,2008,IN,305286.08423262724,148.0
339,MARION,2009,IN,341377.83279209526,137.0
340,MARION,2010,IN,384202.11665786954,151.0
341,MARION,2011,IN,416503.7268344122,156.0
342,MARION,2012,IN,458528.47531170043,192.0
343,MARSHALL,2006,IN,8960.844883950149,
344,MARSHALL,2007,IN,11236.721540175222,
345,MARSHALL,2008,IN,12372.924987000384,
346,MARSHALL,2009,IN,13199.111925000367,
347,MARSHALL,2010,IN,14132.40241500041,
348,MARSHALL,2011,IN,14861.144092725317,
349,MARSHALL,2012,IN,17712.63503636283,
350,MARTIN,2006,IN,2724.1548775000056,
351,MARTIN,2007,IN,3050.6354015000043,
352,MARTIN,2008,IN,3418.012234500005,
353,MARTIN,2009,IN,3885.1597575000046,
354,MARTIN,2010,IN,4401.344711587517,
355,MARTIN,2011,IN,5070.7972950000185,
356,MARTIN,2012,IN,5457.763147500025,
357,MIAMI,2006,IN,4071.613146500004,
358,MIAMI,2007,IN,4636.684556500011,
359,MIAMI,2008,IN,5559.2064780000255,
360,MIAMI,2009,IN,6473.02695000004,
361,MIAMI,2010,IN,7843.215645000039,
362,MIAMI,2011,IN,8871.147787500053,
363,MIAMI,2012,IN,9923.069111362553,
364,MONROE,2006,IN,33753.16608372713,
365,MONROE,2007,IN,40636.427939815134,10.0
366,MONROE,2008,IN,42371.21282103982,14.0
367,MONROE,2009,IN,43983.23628750228,15.0
368,MONROE,2010,IN,43940.47190250211,16.0
369,MONROE,2011,IN,46419.89374886483,16.0
370,MONROE,2012,IN,50280.44174681496,18.0
371,MONTGOMERY,2006,IN,10873.744724862743,
372,MONTGOMERY,2007,IN,13981.0532245003,
373,MONTGOMERY,2008,IN,16479.014839950338,
374,MONTGOMERY,2009,IN,18355.473461812988,
375,MONTGOMERY,2010,IN,18498.94794000041,
376,MONTGOMERY,2011,IN,20400.363776587852,11.0
377,MONTGOMERY,2012,IN,20215.522306575378,12.0
378,MORGAN,2006,IN,22526.860529500857,
379,MORGAN,2007,IN,26664.99312950107,
380,MORGAN,2008,IN,31341.832757988857,
381,MORGAN,2009,IN,39086.4293070394,18.0
382,MORGAN,2010,IN,42488.94380250155,15.0
383,MORGAN,2011,IN,42627.79822545137,
384,MORGAN,2012,IN,42673.28225636347,23.0
385,NEWTON,2006,IN,944.4572970000028,
386,NEWTON,2007,IN,1321.9604250000032,
387,NEWTON,2008,IN,1027.7557500000028,
388,NEWTON,2009,IN,981.8140875000015,
389,NEWTON,2010,IN,948.4087500000009,
390,NEWTON,2011,IN,1165.9942500000022,
391,NEWTON,2012,IN,1233.7983300000012,
392,NOBLE,2006,IN,5710.29714200006,
393,NOBLE,2007,IN,6943.522069500102,
394,NOBLE,2008,IN,8238.83810250012,
395,NOBLE,2009,IN,8888.291212500124,
396,NOBLE,2010,IN,11034.979650000143,
397,NOBLE,2011,IN,13032.541725000157,
398,NOBLE,2012,IN,15321.793537500136,
399,OHIO,2006,IN,1771.5048225000005,
400,OHIO,2007,IN,1650.4237500000033,
401,OHIO,2008,IN,1611.3500625000052,
402,OHIO,2009,IN,743.2146000000016,
403,OHIO,2011,IN,1003.7626500000003,
404,OHIO,2012,IN,1933.9897125000064,
405,ORANGE,2006,IN,3696.447511999997,
406,ORANGE,2007,IN,5723.867988500052,
407,ORANGE,2008,IN,7519.373767725056,
408,ORANGE,2009,IN,8511.306082725065,
409,ORANGE,2010,IN,9296.213377950111,
410,ORANGE,2011,IN,10704.359719312624,
411,ORANGE,2012,IN,10562.6513970376,
412,OWEN,2006,IN,4334.777689999992,
413,OWEN,2007,IN,5070.026651500011,
414,OWEN,2008,IN,5230.990845000026,
415,OWEN,2009,IN,5883.54094500003,
416,OWEN,2010,IN,6285.058260000042,
417,OWEN,2011,IN,6654.203385000071,
418,OWEN,2012,IN,7258.687530000082,
419,PARKE,2006,IN,1766.1054785000026,
420,PARKE,2007,IN,2692.1317125000037,
421,PARKE,2008,IN,2644.1530410000037,
422,PARKE,2009,IN,2348.8862025000035,
423,PARKE,2010,IN,2787.8885702250104,
424,PARKE,2011,IN,3026.2275490875068,
425,PARKE,2012,IN,3358.4837175000125,
426,PERRY,2006,IN,3144.3703410000016,
427,PERRY,2007,IN,4422.383686000003,
428,PERRY,2008,IN,5488.1136800000395,
429,PERRY,2009,IN,5913.335235000036,
430,PERRY,2010,IN,6612.367275000046,
431,PERRY,2011,IN,6762.346342500075,
432,PERRY,2012,IN,6554.053955662566,
433,PIKE,2006,IN,2605.771250000006,
434,PIKE,2007,IN,3809.0045305000026,
435,PIKE,2008,IN,3879.551434499999,
436,PIKE,2009,IN,4384.974667500006,
437,PIKE,2010,IN,5018.692635675015,
438,PIKE,2011,IN,5727.801000000018,
439,PIKE,2012,IN,4927.618642500002,
440,PORTER,2006,IN,29683.74600712679,17.0
441,PORTER,2007,IN,36001.663887102826,11.0
442,PORTER,2008,IN,40770.47633745301,23.0
443,PORTER,2009,IN,45925.277089503186,16.0
444,PORTER,2010,IN,55649.743886779455,24.0
445,PORTER,2011,IN,62190.93114997912,23.0
446,PORTER,2012,IN,68498.75103315347,23.0
447,POSEY,2006,IN,3984.6428274999957,
448,POSEY,2007,IN,5156.445676537505,
449,POSEY,2008,IN,5494.9193015875235,
450,POSEY,2009,IN,7194.98724795003,
451,POSEY,2010,IN,7691.545350000031,
452,POSEY,2011,IN,8175.766601362524,
453,POSEY,2012,IN,8919.067072500013,
454,PULASKI,2006,IN,2273.682255,
455,PULASKI,2007,IN,3102.4359660000077,
456,PULASKI,2008,IN,3657.887133000007,
457,PULASKI,2009,IN,4246.710727500016,
458,PULASKI,2010,IN,4997.221087500023,
459,PULASKI,2011,IN,6237.503737500016,
460,PULASKI,2012,IN,6472.88326500001,
461,PUTNAM,2006,IN,6574.231009000087,
462,PUTNAM,2007,IN,8572.421070500091,
463,PUTNAM,2008,IN,8619.363060000132,
464,PUTNAM,2009,IN,11034.354570000116,
465,PUTNAM,2010,IN,11381.365065000084,
466,PUTNAM,2011,IN,11620.60440000009,
467,PUTNAM,2012,IN,12342.660180000052,
468,RANDOLPH,2006,IN,5559.658517000047,
469,RANDOLPH,2007,IN,5632.982736000045,
470,RANDOLPH,2008,IN,6252.47890736258,
471,RANDOLPH,2009,IN,6869.135370225082,
472,RANDOLPH,2010,IN,7151.350350000095,
473,RANDOLPH,2011,IN,8138.31045795008,
474,RANDOLPH,2012,IN,8715.463170000083,
475,RIPLEY,2006,IN,12516.769859000071,
476,RIPLEY,2007,IN,15897.001334362596,
477,RIPLEY,2008,IN,15740.540586362586,
478,RIPLEY,2009,IN,18991.151940000153,
479,RIPLEY,2010,IN,20759.138872725263,
480,RIPLEY,2011,IN,19349.01235158773,
481,RIPLEY,2012,IN,18945.631834762626,
482,RUSH,2006,IN,4057.7261459999863,
483,RUSH,2007,IN,5353.491251587522,
484,RUSH,2008,IN,5489.701511000036,
485,RUSH,2009,IN,6201.927780000061,
486,RUSH,2010,IN,6787.457137500088,
487,RUSH,2011,IN,7320.904575000067,
488,RUSH,2012,IN,8100.644336587576,
489,SCOTT,2006,IN,22637.223968500366,
490,SCOTT,2007,IN,28526.67236386299,
491,SCOTT,2008,IN,30862.819389000386,
492,SCOTT,2009,IN,33297.03401850025,
493,SCOTT,2010,IN,34661.816962500336,
494,SCOTT,2011,IN,31932.541826362612,15.0
495,SCOTT,2012,IN,32281.524176587587,12.0
496,SHELBY,2006,IN,7896.504471000149,
497,SHELBY,2007,IN,10134.396510362687,13.0
498,SHELBY,2008,IN,11338.31081100018,
499,SHELBY,2009,IN,12410.977200000194,
500,SHELBY,2010,IN,14665.643527950251,
501,SHELBY,2011,IN,17007.061578862616,
502,SHELBY,2012,IN,16052.335500000117,
503,SPENCER,2006,IN,3558.953930000016,
504,SPENCER,2007,IN,4089.8749425000183,
505,SPENCER,2008,IN,4680.743367000032,
506,SPENCER,2009,IN,5215.164330000055,
507,SPENCER,2010,IN,6518.298817500098,
508,SPENCER,2011,IN,6360.458463862594,
509,SPENCER,2012,IN,6885.721742475062,
510,ST JOSEPH,2006,IN,43822.25764254092,
511,ST JOSEPH,2007,IN,53510.40710517925,
512,ST JOSEPH,2008,IN,62385.63850686725,
513,ST JOSEPH,2009,IN,70857.8035517305,
514,ST JOSEPH,2010,IN,83065.1230810943,
515,ST JOSEPH,2011,IN,95187.79113248303,
516,ST JOSEPH,2012,IN,113338.67073608299,
517,STARKE,2006,IN,8708.44826250003,
518,STARKE,2007,IN,11711.836934000023,11.0
519,STARKE,2008,IN,13892.711446087564,
520,STARKE,2009,IN,15680.603730900066,12.0
521,STARKE,2010,IN,18362.294205900027,
522,STARKE,2011,IN,21697.923780900044,
523,STARKE,2012,IN,26317.681321350057,
524,STEUBEN,2006,IN,4496.890258500031,
525,STEUBEN,2007,IN,4144.728129,
526,STEUBEN,2008,IN,5322.16015650006,
527,STEUBEN,2009,IN,5949.19716795006,
528,STEUBEN,2010,IN,7015.492762500081,
529,STEUBEN,2011,IN,8187.094886362608,
530,STEUBEN,2012,IN,9267.903412950123,
531,SULLIVAN,2006,IN,6867.112278675069,
532,SULLIVAN,2007,IN,7981.221182700085,
533,SULLIVAN,2008,IN,9516.006019500126,
534,SULLIVAN,2009,IN,10902.746587500142,
535,SULLIVAN,2010,IN,11082.927487500137,
536,SULLIVAN,2011,IN,10958.555737500115,
537,SULLIVAN,2012,IN,12316.818787500102,
538,SWITZERLAND,2006,IN,1678.999255500002,
539,SWITZERLAND,2007,IN,1948.1217792250022,
540,SWITZERLAND,2008,IN,1980.4043910000019,
541,SWITZERLAND,2009,IN,2197.9525875000027,
542,SWITZERLAND,2010,IN,2224.376137500003,
543,SWITZERLAND,2011,IN,2148.743137500005,
544,SWITZERLAND,2012,IN,2316.7649625000035,
545,TIPPECANOE,2006,IN,26143.838602226315,
546,TIPPECANOE,2007,IN,30965.422617726636,16.0
547,TIPPECANOE,2008,IN,36378.72556676451,
548,TIPPECANOE,2009,IN,40604.81765407755,21.0
549,TIPPECANOE,2010,IN,47072.555448865416,
550,TIPPECANOE,2011,IN,55414.73147636625,18.0
551,TIPPECANOE,2012,IN,63322.23053704143,21.0
552,TIPTON,2006,IN,3046.384619999995,
553,TIPTON,2007,IN,3235.5696854999937,
554,TIPTON,2008,IN,3423.222671999994,
555,TIPTON,2009,IN,3530.130862500008,
556,TIPTON,2010,IN,3479.374440000006,
557,TIPTON,2011,IN,3021.149587500011,
558,TIPTON,2012,IN,3779.9167575000142,
559,UNION,2006,IN,1202.4660057000024,
560,UNION,2007,IN,1522.8013459125023,
561,UNION,2008,IN,1427.4133962000026,
562,UNION,2009,IN,1227.6813811125012,
563,UNION,2010,IN,1631.771814525004,
564,UNION,2011,IN,1635.6816811125063,
565,UNION,2012,IN,1910.2758733875028,
566,VANDERBURGH,2006,IN,68510.71325850335,20.0
567,VANDERBURGH,2007,IN,78682.66572736802,24.0
568,VANDERBURGH,2008,IN,91703.32977263212,45.0
569,VANDERBURGH,2009,IN,103690.81272454439,50.0
570,VANDERBURGH,2010,IN,112695.17734035768,50.0
571,VANDERBURGH,2011,IN,132543.2791633607,52.0
572,VANDERBURGH,2012,IN,136097.1694347104,41.0
573,VERMILLION,2006,IN,3103.0153499999983,
574,VERMILLION,2007,IN,4387.607363362502,
575,VERMILLION,2008,IN,4641.301665862509,
576,VERMILLION,2009,IN,4747.601947500012,
577,VERMILLION,2010,IN,5400.397920000022,
578,VERMILLION,2011,IN,5544.899407725036,
579,VERMILLION,2012,IN,5522.168287500023,
580,VIGO,2006,IN,32296.712179614093,10.0
581,VIGO,2007,IN,40112.677993477955,
582,VIGO,2008,IN,46146.04346031559,
583,VIGO,2009,IN,50141.816423628065,16.0
584,VIGO,2010,IN,49768.1278690906,
585,VIGO,2011,IN,48740.068624090665,
586,VIGO,2012,IN,49998.83518725272,
587,WABASH,2006,IN,8876.933044500156,10.0
588,WABASH,2007,IN,10671.851380362728,
589,WABASH,2008,IN,11470.197535312727,10.0
590,WABASH,2009,IN,11934.498232725296,
591,WABASH,2010,IN,12446.36420250027,10.0
592,WABASH,2011,IN,11747.536875000269,
593,WABASH,2012,IN,13540.202197500228,
594,WARREN,2006,IN,0.3027,
595,WARRICK,2006,IN,10283.653243500174,
596,WARRICK,2007,IN,12451.51061150021,
597,WARRICK,2008,IN,13724.481990000226,
598,WARRICK,2009,IN,16716.394542000246,
599,WARRICK,2010,IN,20089.64674650038,
600,WARRICK,2011,IN,21819.880080000305,
601,WARRICK,2012,IN,22593.42137250022,
602,WASHINGTON,2006,IN,4869.523846000021,
603,WASHINGTON,2007,IN,7299.235515362506,
604,WASHINGTON,2008,IN,9914.748074362546,
605,WASHINGTON,2009,IN,11861.653031362564,
606,WASHINGTON,2010,IN,12944.040427500066,
607,WASHINGTON,2011,IN,13933.893990000051,
608,WASHINGTON,2012,IN,14077.439797500074,
609,WAYNE,2006,IN,21716.506041676017,
610,WAYNE,2007,IN,26497.044608201275,
611,WAYNE,2008,IN,28127.100247801256,10.0
612,WAYNE,2009,IN,31102.284596363825,
613,WAYNE,2010,IN,33164.181772501404,10.0
614,WAYNE,2011,IN,34113.85810976369,11.0
615,WAYNE,2012,IN,36339.0241738132,
616,WELLS,2006,IN,6687.754140000045,
617,WELLS,2007,IN,7163.323477500031,
618,WELLS,2008,IN,4011.2159984999926,
619,WELLS,2009,IN,4095.544650000003,
620,WELLS,2010,IN,5045.381167500022,
621,WELLS,2011,IN,6315.901192500034,
622,WELLS,2012,IN,7956.899156587547,
623,WHITE,2006,IN,3754.11340248748,
624,WHITE,2007,IN,4024.7732952249967,
625,WHITE,2008,IN,4263.380918999998,
626,WHITE,2009,IN,4873.307850000031,
627,WHITE,2010,IN,5945.373637500054,
628,WHITE,2011,IN,6489.5865750000685,
629,WHITE,2012,IN,7518.009652500093,
630,WHITLEY,2006,IN,7171.025645675064,
631,WHITLEY,2007,IN,7521.828281212562,
632,WHITLEY,2008,IN,8950.873392075091,
633,WHITLEY,2009,IN,9743.276962500067,
634,WHITLEY,2010,IN,10654.002225000108,
635,WHITLEY,2011,IN,12842.663891362638,
636,WHITLEY,2012,IN,15074.550518175174,
